INSERT INTO `users` (`id`,`name`,`age`) VALUES (1,"Wade",59);
INSERT INTO `users` (`id`,`name`,`age`) VALUES (2,"Lev",44);
INSERT INTO `users` (`id`,`name`,`age`) VALUES (3,"Hoyt",35);
INSERT INTO `users` (`id`,`name`,`age`) VALUES (4,"Geoffrey",25);
INSERT INTO `users` (`id`,`name`,`age`) VALUES (5,"Ulric",47);
INSERT INTO `users` (`id`,`name`,`age`) VALUES (6,"Ulla",23);
INSERT INTO `users` (`id`,`name`,`age`) VALUES (7,"Rahim",31);
INSERT INTO `users` (`id`,`name`,`age`) VALUES (8,"Iona",35);
INSERT INTO `users` (`id`,`name`,`age`) VALUES (9,"Brody",42);
INSERT INTO `users` (`id`,`name`,`age`) VALUES (10,"Amela",45);
INSERT INTO `users` (`id`,`name`,`age`) VALUES (11,"Marny",55);
INSERT INTO `users` (`id`,`name`,`age`) VALUES (12,"Thane",45);
INSERT INTO `users` (`id`,`name`,`age`) VALUES (13,"Celeste",39);
INSERT INTO `users` (`id`,`name`,`age`) VALUES (14,"Rudyard",39);
INSERT INTO `users` (`id`,`name`,`age`) VALUES (15,"Zeph",54);
INSERT INTO `users` (`id`,`name`,`age`) VALUES (16,"Ryan",26);
INSERT INTO `users` (`id`,`name`,`age`) VALUES (17,"Rebekah",48);
INSERT INTO `users` (`id`,`name`,`age`) VALUES (18,"Kylie",57);
INSERT INTO `users` (`id`,`name`,`age`) VALUES (19,"Tyrone",40);
INSERT INTO `users` (`id`,`name`,`age`) VALUES (20,"Oscar",53);

INSERT INTO `projects` (`id`,`title`,`category`,`funding_goal`,`start_date`,`end_date`) VALUES (1,"Convallis In Cursus Incorporated","music",276,"14/01/2018","02/24/2019"),(2,"Aliquam Adipiscing PC","books",3623,"15/08/2018","11/21/2018"),(3,"Felis Orci Consulting","books",2445,"24/05/2018","01/27/2019"),(4,"Nisl LLC","food",4554,"16/11/2017","12/31/2018"),(5,"Lectus Cum Industries","charity",4189,"10/10/2017","01/28/2019"),(6,"Eleifend Consulting","charity",1063,"24/12/2017","04/12/2019"),(7,"Curabitur Massa Vestibulum Corp.","music,",1702,"09/07/2018","08/06/2019"),(8,"Auctor Quis Tristique Corporation","books",3798,"08/11/2017","09/02/2019"),(9,"Et Foundation","music",2672,"17/04/2018","05/01/2019"),(10,"Interdum Associates","charity,",463,"20/08/2018","12/08/2018");

INSERT INTO `pledges` (`id`,`amount`,`user_id`,`project_id`) VALUES (1,377,3,3),(2,342,11,4),(3,110,11,7),(4,235,2,4),(5,889,17,9),(6,564,1,4),(7,205,19,4),(8,206,11,9),(9,287,11,10),(10,224,18,10),(11,994,9,4),(12,357,12,8),(13,251,13,1),(14,229,17,3),(15,171,9,4),(16,554,10,1),(17,517,10,5),(18,616,19,2),(19,492,5,10),(20,367,18,5),(21,225,7,2),(22,273,4,3),(23,348,7,6),(24,727,14,10),(25,670,3,10),(26,825,1,10),(27,988,17,10),(28,851,17,8),(29,21,3,9),(30,616,14,4);


